{"accuracy": [0.6085638999938965, 0.8652962446212769, 0.9187709093093872, 0.9424994587898254, 0.9554164409637451, 0.9661995768547058, 0.9717333912849426, 0.9760438203811646, 0.9790738821029663, 0.983270525932312], "loss": [1.3285571336746216, 0.4252333343029022, 0.2529500126838684, 0.17808207869529724, 0.13532228767871857, 0.1021430492401123, 0.08521373569965363, 0.07202834635972977, 0.06299284845590591, 0.05222930386662483], "val_accuracy": [0.8538014888763428, 0.9236854314804077, 0.9389369487762451, 0.956009566783905, 0.9459936022758484, 0.9630093574523926, 0.9450830817222595, 0.9709765315055847, 0.9578306674957275, 0.9503756165504456], "val_loss": [0.4828309118747711, 0.24525198340415955, 0.19019299745559692, 0.14060468971729279, 0.16948945820331573, 0.11907389014959335, 0.17172323167324066, 0.10373926907777786, 0.1416197419166565, 0.18209049105644226]}